{"stats":{"minecraft:used":{"midnightlurker:midnight_lurker_aggressive_spawn_egg":2,"minecraft:cow_spawn_egg":1,"minecraft:grass_block":1,"cave_dweller:cave_dweller_spawn_egg":3,"minecraft:warden_spawn_egg":1},"minecraft:picked_up":{"minecraft:sculk_catalyst":1,"minecraft:feather":1,"minecraft:chicken":1},"minecraft:custom":{"minecraft:jump":83,"minecraft:time_since_rest":8825,"minecraft:damage_dealt":20,"minecraft:crouch_one_cm":4,"minecraft:leave_game":1,"minecraft:sprint_one_cm":7105,"minecraft:play_time":8825,"minecraft:time_since_death":8825,"minecraft:walk_one_cm":12164,"minecraft:sneak_time":53,"minecraft:total_world_time":8825,"minecraft:fall_one_cm":1254,"minecraft:fly_one_cm":28206}},"DataVersion":3700}