{"stats":{"minecraft:custom":{"minecraft:jump":716,"minecraft:open_chest":1,"minecraft:time_since_rest":359,"minecraft:deaths":4,"minecraft:crouch_one_cm":264,"minecraft:damage_taken":1286,"minecraft:sprint_one_cm":70061,"minecraft:play_time":14064,"minecraft:walk_on_water_one_cm":2880,"minecraft:time_since_death":333,"minecraft:walk_one_cm":8934,"minecraft:sneak_time":204,"minecraft:total_world_time":14064,"minecraft:walk_under_water_one_cm":8043,"minecraft:swim_one_cm":23260,"minecraft:fall_one_cm":28946,"minecraft:fly_one_cm":194978},"minecraft:killed_by":{"minecraft:creeper":1},"minecraft:mined":{"minecraft:short_grass":1,"minecraft:tall_grass":1,"minecraft:grass_block":1},"minecraft:picked_up":{"minecraft:dirt":1},"minecraft:used":{"minecraft:dirt":1}},"DataVersion":3700}