{"stats":{"minecraft:custom":{"minecraft:jump":58,"minecraft:time_since_rest":5979,"minecraft:sprint_one_cm":17559,"minecraft:play_time":5979,"minecraft:walk_on_water_one_cm":1355,"minecraft:time_since_death":5979,"minecraft:walk_one_cm":3256,"minecraft:sneak_time":5,"minecraft:total_world_time":5979,"minecraft:walk_under_water_one_cm":866,"minecraft:swim_one_cm":4225,"minecraft:boat_one_cm":10213,"minecraft:fall_one_cm":896,"minecraft:fly_one_cm":10742},"minecraft:picked_up":{"minecraft:sugar_cane":3},"minecraft:mined":{"minecraft:sugar_cane":1}},"DataVersion":3700}