{"stats":{"minecraft:custom":{"minecraft:jump":144,"minecraft:open_chest":1,"minecraft:time_since_rest":962,"minecraft:deaths":1,"minecraft:crouch_one_cm":213,"minecraft:damage_taken":290,"minecraft:sprint_one_cm":15052,"minecraft:play_time":3867,"minecraft:walk_on_water_one_cm":305,"minecraft:time_since_death":933,"minecraft:walk_one_cm":2830,"minecraft:sneak_time":112,"minecraft:total_world_time":3867,"minecraft:walk_under_water_one_cm":67,"minecraft:swim_one_cm":1012,"minecraft:fall_one_cm":7572,"minecraft:fly_one_cm":38364}},"DataVersion":3700}