{"stats":{"minecraft:used":{"minecraft:crafting_table":1,"minecraft:oak_boat":1},"minecraft:custom":{"minecraft:time_since_rest":5988,"minecraft:open_chest":1,"minecraft:play_time":5988,"minecraft:sprint_one_cm":10946,"minecraft:walk_one_cm":8146,"minecraft:walk_under_water_one_cm":777,"minecraft:boat_one_cm":14637,"minecraft:drop":3,"minecraft:jump":86,"minecraft:time_since_death":5988,"minecraft:walk_on_water_one_cm":921,"minecraft:total_world_time":5988,"minecraft:fall_one_cm":2682,"minecraft:swim_one_cm":5613,"minecraft:interact_with_crafting_table":1,"minecraft:fly_one_cm":21222},"minecraft:picked_up":{"minecraft:crafting_table":1,"minecraft:oak_log":6},"minecraft:crafted":{"minecraft:oak_boat":4,"minecraft:oak_planks":24,"minecraft:crafting_table":1},"minecraft:mined":{"minecraft:oak_log":6,"minecraft:crafting_table":1},"minecraft:dropped":{"minecraft:oak_boat":3}},"DataVersion":3700}