{"stats":{"minecraft:used":{"betterarcheology:creeper_fossil":1,"cave_dweller:cave_dweller_spawn_egg":1,"betterarcheology:creeper_fossil_head":3,"artifacts:eternal_steak":2},"minecraft:custom":{"minecraft:time_since_rest":2030,"minecraft:crouch_one_cm":282,"minecraft:walk_one_cm":6582,"minecraft:sprint_one_cm":9576,"minecraft:play_time":7621,"minecraft:damage_taken":510,"minecraft:deaths":1,"minecraft:sneak_time":253,"minecraft:walk_under_water_one_cm":115,"minecraft:jump":51,"minecraft:damage_dealt":2,"minecraft:leave_game":2,"minecraft:walk_on_water_one_cm":466,"minecraft:time_since_death":1997,"minecraft:total_world_time":7621,"minecraft:swim_one_cm":1930,"minecraft:fall_one_cm":3578,"minecraft:fly_one_cm":23577},"minecraft:mined":{"betterarcheology:creeper_fossil_head":2},"minecraft:picked_up":{"artifacts:snorkel":1,"artifacts:eternal_steak":1,"artifacts:rooted_boots":1,"artifacts:bunny_hoppers":1,"betterarcheology:creeper_fossil_head":2},"minecraft:killed_by":{"minecraft:vindicator":1}},"DataVersion":3700}