{"stats":{"minecraft:used":{"minecraft:oak_boat":1},"minecraft:custom":{"minecraft:jump":113,"minecraft:open_chest":1,"minecraft:time_since_rest":5987,"minecraft:sprint_one_cm":9223,"minecraft:play_time":5987,"minecraft:walk_on_water_one_cm":869,"minecraft:time_since_death":5987,"minecraft:walk_one_cm":10704,"minecraft:sneak_time":6,"minecraft:total_world_time":5987,"minecraft:walk_under_water_one_cm":1476,"minecraft:swim_one_cm":3568,"minecraft:boat_one_cm":22358,"minecraft:fall_one_cm":2984,"minecraft:fly_one_cm":26750},"minecraft:picked_up":{"minecraft:oak_boat":1},"minecraft:mined":{"minecraft:short_grass":1}},"DataVersion":3700}