{
  "minecraft:recipes/decorations/crafting_table": {
    "criteria": {
      "unlock_right_away": "2024-06-30 20:00:49 +0000"
    },
    "done": true
  },
  "nucleus:initiate_0.3.0": {
    "criteria": {
      "impossible": "2024-06-30 20:00:49 +0000"
    },
    "done": true
  },
  "minecraft:adventure/adventuring_time": {
    "criteria": {
      "minecraft:dark_forest": "2024-06-30 20:00:50 +0000"
    },
    "done": false
  },
  "manic:technical/initiate_1.2.1": {
    "criteria": {
      "tick": "2024-06-30 20:00:49 +0000"
    },
    "done": true
  },
  "DataVersion": 3700
}